区分,コード,投資先,10,30,100,300,500,1000
分散コア,全世界株式,eMAXIS Slim 全世界株式（オール・カントリー）,10,25,60,175,275,550
セキュリティ直接,FTNT,Fortinet,0,5,15,35,60,60
セキュリティ直接,ZS,Zscaler,0,0,10,30,50,50
セキュリティ直接,PANW,Palo Alto Networks,0,0,0,0,0,25
セキュリティ直接,4704,トレンドマイクロ,0,0,0,0,0,25
セキュリティ二次,RBRK,Rubrik,0,0,0,0,0,20
セキュリティ二次,CVLT,Commvault,0,0,0,15,20,20
量子・AI大手,MSFT,Microsoft,0,0,15,25,50,50
量子・AI大手,6702,富士通,0,0,0,0,0,25
量子・AI大手,6501,日立製作所,0,0,0,0,0,25
二次波及,6965,浜松ホトニクス,0,0,0,10,15,20
二次波及,FORM,FormFactor,0,0,0,0,0,15
二次波及,GLW,Corning,0,0,0,10,20,25
二次波及,5803,フジクラ,0,0,0,0,0,20
二次波及,VRT,Vertiv,0,0,0,0,0,20
量子専業,QNT,Quantinuum,0,0,0,0,0,25
量子専業,IONQ,IonQ,0,0,0,0,10,25
