証券コード,企業名／商品名,所在国,取引所,投資テーマ,需要区分,事業セグメント,投資理由,需要が増える仕組み,競争優位性,主要リスク,購入判断の論点,優先順位,投資アクション,直近株価（現地通貨）,株価基準日,P/S（倍）,PER（倍）,P/FCF（倍）,売上成長率実績,実績対象期間,売上成長率予想,予想対象期間,財務安全性（定性）,予定投資額（万円）,業績・技術一次資料URL,株価・評価資料URL,確認状況,①戦略PDF,②配分レポート,③提供リサーチ,登場数,共通度
全世界株式,eMAXIS Slim 全世界株式（オール・カントリー）,日本,投資信託,分散コア,間接,世界株インデックス,世界株に広く分散し、テーマ選定失敗への耐性を持たせる,世界経済全体の成長→利益成長,低コスト・広域分散,世界同時株安、米国大型テックとの重複,毎月積立,P1,積立優先,,,,,,,,,,分散型,550,https://www.am.mufg.jp/fund/253425.html,https://www.fsa.go.jp/policy/nisa2/about/index.html,実証済・純資産とコストは要更新,0,0,0,0,
FTNT,Fortinet,米国,NASDAQ,セキュリティ直接,直接,ネットワーク防御,ネットワーク・セキュリティ統合、GAAP高利益率,AI活用増加→ネットワーク接続保護・ファイアウォール更新,高収益、製品とサービスの総合力,PSR高水準、設備・ネットワーク投資循環,決算とPSRを見ながら分割,P1,段階購入,189.1,2026-10-08,18.43,66.82,44.51,0.26,26Q2売上YoY,0.19,FY26会社見通し,A（高利益率・FCF）,65,https://fortinet.gcs-web.com/news-releases/news-release-details/fortinet-reports-strong-second-quarter-2026-financial-results,https://stockanalysis.com/stocks/ftnt/statistics/,一次資料＋株価検証済,1,1,1,3,★★★
ZS,Zscaler,米国,NASDAQ,セキュリティ直接,直接,ゼロトラスト／AIエージェント,ユーザー・端末・AIエージェントの接続管理,AI利用とクラウド化→安全なID/接続の継続監視,クラウドネイティブ、ARR成長,会計上損失・競争・金利敏感,決算後の下落局面を検討,P1,段階購入,216.81,2026-10-08,10.54,,41.48,0.25,FY26 Q4売上YoY,0.17,FY27売上会社見通し,B（FCFプラス・GAAP赤字）,55,https://www.zscaler.com/press/zscaler-hosts-2026-investor-day-reaffirms-first-quarter-and-fiscal-2027-guidance,https://stockanalysis.com/stocks/zs/statistics/,一次資料＋株価検証済,1,1,1,3,★★★
PANW,Palo Alto Networks,米国,NASDAQ,セキュリティ直接,直接,統合型セキュリティ,ネットワーク・クラウド・AI運用・IDを統合,企業の複数製品統合→支出集約,統合プラットフォーム・高FCF,買収由来の成長・高PSR・統合リスク,20%程度の調整後に検討,P2,調整待ち,398.5,2026-10-08,28.39,1061.8,79.25,0.34,FY26 Q4売上YoY,0.235,FY27売上会社見通し,B（FCF強い・買収影響）,35,https://www.paloaltonetworks.com/company/press/2026/palo-alto-networks-reports-fiscal-fourth-quarter-and-fiscal-year-2026-financial-results,https://stockanalysis.com/stocks/panw/statistics/,一次資料＋株価検証済,1,1,1,3,★★★
CRWD,CrowdStrike,米国,NASDAQ,セキュリティ直接,直接,エンドポイント／SOC,端末・サーバー・AI活動の脅威検出と分析,AIサイバー攻撃増→自動検知・復旧需要,大規模な脅威データとサブスクリプション,P/S 50倍超・誤検知や障害リスク,大幅調整・FCF確認まで小口,P3,大幅調整待ち,263.01,2026-10-08,51.43,6168.18,172.52,0.26,FY27 Q2売上YoY,,,B（FCF黒字・高株価倍率）,15,https://ir.crowdstrike.com/news-releases/news-release-details/crowdstrike-reports-second-quarter-fiscal-year-2027-financial,https://stockanalysis.com/stocks/crwd/statistics/,一次資料＋株価検証済,1,1,1,3,★★★
4704,トレンドマイクロ,日本,東証P,セキュリティ直接,直接,企業向けセキュリティ,国内・海外の法人顧客とサイバー防御製品,AI導入→企業の防御・運用負荷増加,法人顧客基盤と製品群,成長鈍化・競争・短期急騰,財務・次期決算確認後,P2,押し目待ち,7587,2026-10-09,,28.1,,,,0.092,FY26売上会社見通し（提供値・未再照合）,A-（要直近BS再照合）,30,https://jp.investing.com/equities/trend-micro-inc.-historical-data,https://www.trendmicro.com/en_us/about/investor-relations.html,株価検証済・売上会社予想は要照合,0,1,1,2,★★
NET,Cloudflare,米国,NYSE,セキュリティ直接,直接,PQC / SASE / CDN,PQC対応通信・証明書とゼロトラストを展開,PQC移行→暗号更新、AI利用→安全な通信,グローバルネットワーク運用,P/S約50倍・P/FCF約364倍・会計赤字,現状0円、下落と利益率改善待ち,P3,監視のみ,341.89,2026-10-08,49.57,,364.24,,,,,C（現金資産あるが評価過熱）,0,https://www.cloudflare.com/en-au/press/press-releases/2026/cloudflare-announces-public-certificate-authority-for-the-post-quantum-web/,https://stockanalysis.com/stocks/net/statistics/,PQC対応一次資料・株価検証済,1,1,0,2,★★
4493,サイバーセキュリティクラウド,日本,東証G,セキュリティ直接,直接,WAF / ウェブ防御,WAF・クラウド型のWeb防御,Web/API攻撃増加→クラウド防御需要,国内の特定市場と技術,小型株で急騰・出来高急増の価格変動,急騰後は監視のみ,P3,監視のみ,3700,2026-10-09,,43,,,,,,要検証（小型成長株）,0,https://s.kabutan.jp/stocks/4493/,https://www.cscloud.co.jp/,株価検証済・PERサイト表示,0,0,1,1,★
MSFT,Microsoft,米国,NASDAQ,量子・AI大手,間接,AI基盤＋セキュリティ＋量子研究,法人基盤、Azure、セキュリティ、量子開発で複線化,AIの企業導入→クラウドと安全な運用の課金,顧客基盤・CF・多角化,大型株でも成長期待織込み、指数との重複,コア上乗せを3回に分割,P1,段階購入,522.61,2026-10-08,,29.1,,,,,,A（強CF・多角化）,40,https://stockanalysis.com/stocks/msft/history/,https://www.microsoft.com/en-us/investor,株価検証済・PER参考,1,1,1,3,★★★
6702,富士通,日本,東証P,量子・AI大手,間接,超伝導量子研究,理研と量子コンピューター開発,量子導入の研究費・商用化→システム構築需要,国内の研究蓄積と法人IT,量子売上寄与は未開示・全社業績が主因,定期決算と研究発表を確認,P2,段階購入,4250,2026-10-09,,23.5,,,,,,A（総合IT）,25,https://s.kabutan.jp/stocks/6702/historical_prices/daily/,https://www.fujitsu.com/global/about/resources/news/press-releases/,株価検証済・バリュエーション参考,1,1,1,3,★★★
IBM,IBM,米国,NYSE,量子・AI大手,間接,量子システム開発,IBM Quantumのエコシステムと法人基盤,量子計算商用化→クラウド／導入支援,既存顧客・研究実績,量子売上は小さく全社成長率が緩やか,勤務先株の既保有と重複しないよう検討,P2,段階購入,226.61,2026-10-08,,20.2,,,,,,B（既存事業・負債確認）,15,https://stockanalysis.com/stocks/ibm/history/,https://www.ibm.com/quantum,株価検証済・PER参考,1,1,1,3,★★★
6501,日立製作所,日本,東証P,量子・AI大手,間接,社会インフラ・量子共同研究,デジタル/社会インフラ＋シリコン量子研究,DXと量子応用→産業顧客開拓,インフラ事業の多様性,量子関連売上は未確認,保有枠小さめ・決算確認,P2,段階購入,5669,2026-10-09,,32.2,,,,,,A（多角化）,20,https://www.hitachi.com/New/cnews/month/2026/07/,https://finance.yahoo.co.jp/quote/6501.T,株価は前回資料参照・未再照合,1,1,0,2,★★
QNT,Quantinuum,米国,NASDAQ,量子専業,直接,イオントラップ,高精度ゲート・誤り訂正技術,量子実用化→計算機の販売・クラウド利用,研究・資金・提携,PSR約476倍・売上小・高消費資金,IPO後ロックアップ需給と受注確認,P3,条件付き,41.52,2026-10-08,475.89,,,2.79,26Q2売上YoY,,,C（資金豊富・赤字継続）,25,https://www.sec.gov/Archives/edgar/data/2110105/000162828026055699/fy26q2_qntmxearningsxrelea.htm,https://stockanalysis.com/stocks/qnt/statistics/,一次資料＋株価検証済,1,1,1,3,★★★
IONQ,IonQ,米国,NYSE,量子専業,直接,イオントラップ／買収拡大,システム、通信、量子製造へ展開,量子採用→システム・クラウド・量子通信,販売実績拡大,買収寄与大・GAAP赤字・増資希薄化,半期CF・有機売上成長の再確認,P3,条件付き,39.45,2026-10-08,63.74,,,2.87,26Q2売上YoY（買収寄与あり）,,,C（現金厚いが高損失）,25,https://investors.ionq.com/news/news-details/2026/IonQ-Announces-Record-Second-Quarter-2026-Revenues-Growing-287-YoY/default.aspx,https://stockanalysis.com/stocks/ionq/statistics/,一次資料＋株価検証済,1,1,1,3,★★★
RGTI,Rigetti Computing,米国,NASDAQ,量子専業,直接,超伝導量子,超伝導方式のプロセッサー・システム,研究機関等の装置導入,超伝導量子IP,PSR数百倍・損失継続,本予算では見送り,P4,監視のみ,14.14,2026-10-08,353.44,,,,,,,D（高バリュエーション）,0,https://stockanalysis.com/stocks/rgti/history/,https://stockanalysis.com/stocks/rgti/statistics/,価格・PSR検証済,1,0,1,2,★★
QBTS,D-Wave Quantum,米国,NYSE,量子専業,直接,量子アニーリング,最適化特化の量子アニーリング,運用最適化への適用が拡大する場合の利用料,商用ユースケース,ゲート型と用途が異なる・PSR極端,本予算では見送り,P4,監視のみ,14.6,2026-10-08,437.64,,,,,,,D（売上小・赤字）,0,https://stockanalysis.com/stocks/qbts/history/,https://stockanalysis.com/stocks/qbts/statistics/,価格・PSR検証済,1,0,1,2,★★
IQMX,IQM Quantum Computers,欧州/米上場,NASDAQ,量子専業,直接,超伝導量子/HPC,研究機関向けオンプレ量子機導入,量子とHPC統合→装置導入増加,実機導入実績,追加資金需要・薄い流動性,事業CF検証まで見送り,P4,監視のみ,10.17,2026-10-08,50.3,,,,,,,D（資金調達・価格変動）,0,https://stockanalysis.com/stocks/iqmx/history/,https://www.iqminstruments.com/,価格検証済・PSR参考,1,1,0,2,★★
XNDU,Xanadu,カナダ/米上場,NASDAQ,量子専業,直接,光量子,フォトニック量子計算・ソフトウェア,フォトニック方式の実用化→システム売上,光量子研究開発,低売上・高赤字・IPO後急落,新規は見送り,P4,監視のみ,4.12,2026-10-08,173.9,,,,,,,D（希薄化リスク）,0,https://stockanalysis.com/stocks/xndu/history/,https://www.xanadu.ai/,価格検証済・PSR参考,1,1,0,2,★★
6965,浜松ホトニクス,日本,東証P,量子周辺装置,二次,光検出器・レーザー,中性原子量子向け光学システムを共同開発,量子装置開発→光源・検出器・カメラ需要,既存の光検出・レーザー技術,量子売上の全社寄与額未開示、光学市況,国内サプライチェーン中核の研究候補,P1,段階購入,2404,2026-10-09,,,,,,,,B（既存事業・業績確認）,30,https://www.hamamatsu.com/jp/ja/news/announcements/2026/20260604000000.html,https://jp.investing.com/equities/hamamatsu-photonics-kk-historical-data,提携と株価検証済,0,0,1,1,★
FORM,FormFactor,米国,NASDAQ,量子周辺装置,二次,低温プロービング・検査,低温・極低温の半導体／量子プロセッサー検査装置,量子チップ試作・品質管理→検査装置需要,半導体本業＋量子用途、低負債,量子関連売上の定量化なし・既に高PER,決算で装置構成を確認,P1,段階購入,137.13,2026-10-08,12.01,97.66,79.63,0.319,26Q2売上YoY,,,A-（負債少・本業FCF）,25,https://www.sec.gov/Archives/edgar/data/1039399/000103939926000030/ex9901-earningsreleasexq226.htm,https://stockanalysis.com/stocks/form/statistics/,一次資料＋株価検証済,0,0,1,1,★
KEYS,Keysight Technologies,米国,NYSE,量子周辺装置,二次,制御・測定,量子制御・精密測定と既存半導体通信試験,量子ハード開発→制御・校正・測定装置需要,広い試験測定の既存顧客,量子事業の売上寄与未開示・足元高値,最初は小口・PERと事業成長確認,P2,段階購入,374.67,2026-10-08,9.69,52.22,43.42,,,,,A-（FCF黒字）,20,https://www.keysight.com/us/en/industries/quantum.html,https://stockanalysis.com/stocks/keys/statistics/,製品サイト・株価検証済,0,0,0,0,
VRT,Vertiv,米国,NYSE,AI周辺インフラ,二次,電源・冷却,データセンターのUPS・液冷・電力インフラ,AI・セキュリティ計算需要→電力/冷却CAPEX,高い受注需要・FCF増,AI投資減速・相場高熱,量子本体よりAIインフラの選択肢,P2,調整待ち,243.73,2026-10-08,8.17,55.38,32.03,0.24,26Q2売上YoY,0.31,FY26有機売上会社見通し,B+（FCF改善）,25,https://www.sec.gov/Archives/edgar/data/1674101/000162828026050323/q22026exhibit991vrt07292026.htm,https://stockanalysis.com/stocks/vrt/statistics/,一次資料＋株価検証済,0,0,0,0,
HO,Thales,フランス,Euronext Paris,PQC周辺・暗号機器,二次,HSM／量子耐性,Luna 8暗号鍵保護装置のPQC対応,PQC標準移行→暗号鍵保護HSM・更新需要,政府・重要インフラ顧客,防衛・宇宙等ほか事業が大半、株価未照合,為替・バリュエーション確認後,P2,価格確認待ち,,,,,,,,,,B+（総合事業・精査要）,0,https://cpl.thalesgroup.com/about-us/newsroom/luna-8-thales-builds-cryptographic-security-ai-pqc-age,https://www.thalesgroup.com/en/investor,PQC一次資料確認・株価未照合,0,0,0,0,
COHR,Coherent,米国,NYSE,量子周辺装置,二次,レーザー・フォトニクス,光源・光通信部品は量子/AI基盤双方で利用可能,量子向け光制御・AI光インターコネクト,光部品の製造能力,量子向け直接販売規模未確認・半導体市況,高成長テーマだが過熱時は見送り,P3,監視のみ,302.35,2026-10-08,,,,,,,,B（光関連市況影響）,0,https://stockanalysis.com/stocks/cohr/history/,https://www.coherent.com/,株価検証済・量子直接売上未照合,0,0,0,0,
OXIG,Oxford Instruments,英国,LSE,量子周辺装置,二次,極低温測定機,希釈冷凍機や低温計測装置で量子研究支援,量子実験拠点増→希釈冷凍機・検査需要,低温機器に強み,量子需要の業績寄与不透明・GBP為替,英国株の取扱確認,P2,監視のみ,,,,,,,,,,B（業績精査要）,0,https://www.oxinst.com/applications/quantum-technologies,https://www.oxinst.com/investors,業務関連性は製品サイト要再照合,0,0,0,0,
8035,東京エレクトロン,日本,東証P,半導体周辺,二次,半導体製造装置,半導体製造技術・成膜・エッチング,量子チップ製造技術の拡大→装置需要の可能性,製造装置の世界競争力,量子向け売上割合未確認、半導体投資循環,量子より半導体サイクル株として評価,P2,監視のみ,,,,,,,,,,A-（市況変動）,0,https://www.tel.com/ir/,https://www.tel.com/,関連度は仮説・量子収益寄与未確認,0,0,0,0,
6302,住友重機械工業,日本,東証P,量子周辺装置,二次,低温機器候補,極低温冷凍機などの周辺用途を調査候補とする,冷凍・低温装置普及→部品・装置需要,産業機械既存事業,量子装置向けの実績は追加裏取りが必要,裏取り完了まで投資対象外,P4,要調査,,,,,,,,,,未確認,0,https://www.shi.co.jp/,https://www.shi.co.jp/english/,量子用途未再検証・研究メモ,0,0,0,0,
NVDA,NVIDIA,米国,NASDAQ,量子・AI大手,間接,CUDA-QとAIアクセラレータ,量子古典ハイブリッドの開発環境・GPU,量子開発やAI計算→CPU/GPU・ソフトウェア,ハード/ソフトの強い生態系,AI設備投資循環・量子売上寄与は小さい,全世界株との重複を踏まえ0円,P2,監視のみ,230.48,2026-10-08,18.37,29.14,43.82,,,,,A（FCF豊富）,0,https://nvidianews.nvidia.com/news/nvidia-expands-open-source-cuda-q-platform-for-fault-tolerant-quantum-computing,https://stockanalysis.com/stocks/nvda/statistics/,一次資料＋株価検証済,0,0,0,0,
ANET,Arista Networks,米国,NYSE,AI周辺インフラ,二次,DCネットワーク／ゼロトラスト,AIデータセンター向け高速ネットワークスイッチ,AI・セキュリティの東西トラフィック拡大,高収益ネットワーク技術,量子との直接関連は小さい・高PSR,短期高値圏のため見送り,P2,監視のみ,210.97,2026-10-08,25.24,66.77,51.61,0.377,26Q2売上YoY,,,A（高利益率）,0,https://www.arista.com/company/news/press-release/24401-pr-20260804,https://stockanalysis.com/stocks/anet/statistics/,一次資料＋株価検証済,0,0,0,0,
ETN,Eaton,米国,NYSE,AI周辺インフラ,二次,配電・電力管理,データセンター向け電源・配電機器,AI設備増設→配電設備・電力品質投資,産業電気の既存顧客,量子との直接関連はほぼ無い,割安度・決算確認までは監視,P2,監視のみ,,,,,,,,,,A-（多角化）,0,https://www.eaton.com/us/en-us/company/investor-relations.html,https://www.eaton.com/us/en-us/markets/data-centers.html,投資仮説・定量確認待ち,0,0,0,0,
SU,Schneider Electric,フランス,Euronext Paris,AI周辺インフラ,二次,配電・データセンター,電源・エネルギー管理ソフトと設備,AIの電力需要増→電源設備投資,国際的な配電技術基盤,大型買収の資金負担・評価変動,買収後の財務を精査,P2,監視のみ,,,,,,,,,,B+（買収リスク）,0,https://www.se.com/ww/en/about-us/investor-relations/,https://www.reuters.com/business/frances-schneider-electric-nears-20-billion-deal-us-software-group-ptc-ft-2026-10-04/,M&A一次確認は要実施,0,0,0,0,
6857,アドバンテスト,日本,東証P,半導体周辺,二次,半導体テスト装置,AI計算用チップのテスト需要拡大,AI向けGPU/半導体増→テスタ需要,半導体試験の競争力,直接の量子売上寄与は未確認、設備投資循環,量子テーマではなくAI製造需要,P2,監視のみ,,,,,,,,,,B+（半導体景気連動）,0,https://www.advantest.com/investors,https://www.advantest.com/,AI間接仮説・定量確認待ち,0,0,0,0,
3040,ソリトンシステムズ,日本,東証P,セキュリティ直接,直接,認証・ネットワーク保護,ID認証・エンドポイント・ネットワーク関連製品,AI導入に伴う認証・安全な接続需要,国内法人・行政向け,競争・収益成長と評価未照合,定量評価完了まで監視,P3,監視のみ,,,,,,,,,,未確認,0,https://www.soliton.co.jp/,https://www.soliton.co.jp/ir/,事業関連性のみ・株価未照合,0,0,1,1,★
6701,NEC,日本,東証P,セキュリティ・IT大手,間接,サイバー防御 / 研究関連,官公庁・法人向けセキュリティとIT基盤,社会基盤の防御刷新→ITシステム投資,国内官公庁の顧客基盤,ユーザー提供の量子実機撤退ニュースは要一次確認,セキュリティ主体、量子実機前提にはしない,P3,監視のみ,,,,,,,,,,B（多角化）,0,https://jpn.nec.com/ir/,https://jpn.nec.com/,量子撤退は提供情報・一次照合保留,0,0,0,0,
QTUM,Defiance Quantum ETF,米国,NYSE Arca,テーマETF,間接,量子・ML・先端半導体,量子と半導体へ広範な分散投資,装置開発・AI関連の複数銘柄へ分散,個別方式の勝ち負けを分散,純粋量子とは違いAI半導体と重複,個別量子株の代替候補,P2,代替候補,,,,,,,,,,ETF・分散あり,0,https://www.defianceetfs.com/qtum/,https://marketxls.com/etfs/qtum,経費率0.40%は提供情報・要更新,1,0,1,2,★★
CIBR,First Trust NASDAQ Cybersecurity ETF,米国,NASDAQ,テーマETF,間接,サイバーETF,専業セキュリティ企業群に一括投資,AI防御支出増→対象株への波及,銘柄選別負担の低減,テーマ集中・経費率負担,個別セキュリティ株との代替,P2,代替候補,,,,,,,,,,ETF・セクター集中,0,https://www.ftportfolios.com/Retail/Etf/EtfSummary.aspx?Ticker=CIBR,https://www.trackinsight.com/en/fund/XNMS:CIBR,経費率0.58-0.59%は提供情報・要更新,1,0,1,2,★★
4498,サイバートラスト,日本,東証グロース,耐量子暗号・認証,二次,電子証明書／PQC,PQC証明書の試験環境と企業認証基盤を持つ国内関連株,既存の署名・証明書更新→移行検証・鍵管理サービス→顧客需要,国内認証基盤と技術蓄積,PQC試験環境の売上寄与が未定量・小型株の値動き,商用PQC製品、顧客数、継続収益、営業CF,P2,監視／決算確認,,,,,,,未検証,,,未評価,0,https://www.cybertrust.co.jp/pqc/,https://www.cybertrust.co.jp/corporate/ir/stock/,一次事業資料確認／財務未評価,0,0,0,0,
3788,GMOグローバルサイン・ホールディングス,日本,東証プライム,耐量子暗号・認証,二次,SSL証明書／電子契約／電子認証,証明書更新・デバイス認証・署名需要の増加を取り込む候補,暗号標準の切替→証明書の再発行とライフサイクル管理→運用需要,認証サービスの既存顧客基盤,PQCが自動的に新規利益を生むわけではない,証明書関連事業成長、PQC製品化、ARR、有料契約数,P2,監視／財務確認,,,,,,,未検証,,,未評価,0,https://jp.globalsign.com/,https://www.gmogshd.com/ir/stock/situation/,一次事業・銘柄確認／PQC寄与未検証,0,0,0,0,
RBRK,Rubrik,米国,NYSE,セキュリティ二次,二次,サイバー復旧／データ保護,AI悪用・ランサム攻撃の増加で防御突破後の復旧投資が拡大,攻撃被害→復旧所要時間短縮・不変バックアップ→契約増,ARR成長、データ＋ID＋AI運用の統合,高バリュエーション・競合・株式報酬,サブスクARR成長、FCFマージン、顧客単価,P1,比較優先,,,,,,0.38,FY2027 Q2 売上 YoY,,,B+（参考）,0,https://ir.rubrik.com/news-events/press-releases/news-details/2026/Rubrik-Reports-Second-Quarter-Fiscal-Year-2027-Financial-Results/default.aspx,https://ir.rubrik.com/,2026-08-27一次決算確認,0,0,0,0,
CVLT,Commvault,米国,NASDAQ,セキュリティ二次,二次,データ保護／復旧,攻撃防御だけでなく業務復旧への支出増を獲得する候補,事業継続規制・AI関連データ増→バックアップ／復旧契約増,既存企業向け契約とFCFの実績,成長鈍化・競争・M&Aの統合,サブスクARR成長、SaaS ARR、営業CF・FCF,P1,比較優先,,,,,,0.11,FY2027 Q1 全社売上 YoY,,,A−（参考）,0,https://commvault.gcs-web.com/news-releases/news-release-details/commvault-announces-first-quarter-fiscal-2027-financial-results,https://ir.commvault.com/,2026-07-28一次決算確認,0,0,0,0,
OKTA,Okta,米国,NASDAQ,AI ID・認証,二次,ID管理／AIエージェント,AIエージェント増加で機械ID・アクセス権統制需要が増える,人間以外のAIエージェント増→権限・監査・失効管理への支出,中立的なIDプラットフォーム、既存顧客基盤,Microsoftのバンドル競争、製品実装・株価倍率,AI Agents売上寄与、cRPO、FCF率、契約更新,P1,比較優先,,,,,,0.11,FY2027 Q1 売上 YoY,,,A−（参考）,0,https://investor.okta.com/news-and-events/news-releases/news-details/2026/Okta-Announces-First-Quarter-Fiscal-Year-2027-Financial-Results/default.aspx,https://investor.okta.com/news-and-events/news-releases/news-details/2026/Okta-Announces-New-Blueprint-for-the-Secure-Agentic-Enterprise/default.aspx,2026-05一次決算確認,0,0,0,0,
GLW,Corning,米国,NYSE,AI光通信インフラ,二次,光ファイバー／接続機器,Meta・NVIDIA向け大型契約で需要が既に現れている,AIクラスタ増設→データセンター内外の光配線増→売上,製造供給能力・顧客契約・製品技術,巨額投資・供給能力制約・AI設備投資の循環,光通信売上、投資収益率、粗利率、設備投資,P1,比較優先,,,,,,,売上成長率は再確認,,,A−（参考）,0,https://investor.corning.com/news-and-events/news/news-details/2026/Corning-and-Meta-Announce-Multiyear-up-to-6-Billion-Agreement-to-Accelerate-US-Data-Center-Buildout/default.aspx,https://www.corning.com/worldwide/en/about-us/news-events/news-releases/2026/05/nvidia-and-corning-announce-long-term-partnership-to-strengthen-us-manufacturing-for-ai-infrastructure.html,2026年一次契約確認,0,0,0,0,
5803,フジクラ,日本,東証プライム,AI光通信インフラ,二次,高密度光配線／通信ケーブル,生成AIデータセンター需要を会社が業績資料で明示,AI向け高密度配線需要→光ケーブル拡販→情報通信事業の増益,高密度光配線の供給・生産技術,原材料・水素調達、急増産、株価過熱,情報通信セグメント売上・営業利益、増産率,P1,比較優先,,,,,,0.207,2026年3月期 全社売上 YoY,,,B+（参考）,0,https://www2.jpx.co.jp/disc/58030/140120260514532598.pdf,https://www.fujikura.co.jp/ir/faq/,2026-05-14一次決算確認,0,0,0,0,
AVGO,Broadcom,米国,NASDAQ,AIネットワーク半導体,二次,カスタムAI ASIC・ネットワーク,AI処理と高速通信の需要増が半導体・ネットワーク機器に波及,AIモデルの大型化→高速スイッチ・カスタムASIC需要,大手顧客との設計協業・開発IP,顧客集中・高バリュエーション・景気敏感,AI半導体売上、粗利、顧客集中,P2,バリュエーション再調査,,,,,,,未確認,,,未評価,0,https://investors.broadcom.com/,https://www.broadcom.com/,関連事業確認／最新財務未照合,0,0,0,0,
LITE,Lumentum,米国,NASDAQ,AI光通信インフラ,二次,光トランシーバー・レーザー,高速光伝送拡大で光部品・レーザーに需要,AIサーバー間通信量増→光伝送関連製品需要,光通信・レーザーの専門技術,景気循環・顧客集中・受注変動,クラウド関連売上、受注、設備投資,P2,監視／決算確認,,,,,,,未確認,,,未評価,0,https://www.lumentum.com/en,https://investor.lumentum.com/,製品関連性確認／財務未検証,0,0,0,0,
GOOGL,Alphabet,米国,NASDAQ,量子・AI大手,間接,量子研究・クラウド・AI,Google Quantum AIとクラウド収益基盤の両方を持つ,量子実用化・AI利用→クラウド・ITサービスの需要,研究能力、世界的クラウド・AIプラットフォーム,量子収益寄与は小・独禁法等の規制・大型設備投資,研究マイルストーン、クラウド利益率、FCF,P2,比較優先,,,,,,,未確認,,,A−（参考）,0,https://quantumai.google/,https://abc.xyz/investor/,量子研究一次情報／財務比較未済,0,0,0,0,
AMZN,Amazon,米国,NASDAQ,量子・AI大手,間接,AWS Braket／クラウド,クラウド経由で多様な量子計算方式を顧客へ提供,クラウド経由の試行需要→マネージドサービス・計算需要,AWS顧客基盤と開発者エコシステム,量子事業寄与は小・設備投資負担,AWS成長率・営業利益率、Braket利用動向,P2,比較優先,,,,,,,未確認,,,A−（参考）,0,https://aws.amazon.com/braket/,https://ir.aboutamazon.com/,サービス一次情報／財務未比較,0,0,0,0,
6503,三菱電機,日本,東証プライム,AIインフラ・電力,二次,データセンター電源・FA,国内データセンターの電力制御・設備投資拡大の候補,データセンター増設→受配電・制御機器・空調電源,産業・電力インフラ実績,AI向け売上の直接寄与未定量・全社分散,関連事業の受注・データセンター用途売上,P3,テーマ寄与検証,,,,,,,未確認,,,未評価,0,https://www.mitsubishielectric.co.jp/ir/,https://www.mitsubishielectric.com/en/,間接関連の仮説段階,0,0,0,0,
