投資順,コード,企業名,主な分野,PDF①,配分②,提供③,一致,少額時の方針,投資理由,買い控える条件
1,FTNT,Fortinet,ネットワーク防御,1,1,1,★★★,早め・分割,高い営業利益率と既存顧客。AI導入でネットワーク防御が必要,高PSR／利益率低下
2,MSFT,Microsoft,AI／セキュリティ,1,1,1,★★★,早め・分割,事業・顧客基盤とCFが多角化。AIとセキュリティ両方の成長を取る,PER上昇／Azure鈍化／為替
3,ZS,Zscaler,ゼロトラスト,1,1,1,★★★,資金余裕後,クラウド・AIエージェントの安全な接続を提供,ARR鈍化／FCF減少
4,PANW,Palo Alto Networks,統合セキュリティ,1,1,1,★★★,調整待ち,幅広いセキュリティ製品を統合。企業向け支出集約の受け皿,大型買収の統合遅延／高バリュエーション
5,6702,富士通,量子関連大手,1,1,1,★★★,資金余裕後,量子研究開発に直接参画、既存SI事業の収益源を持つ,量子売上寄与の小ささ／利益成長鈍化
6,IBM,IBM,量子関連大手,1,1,1,★★★,資金余裕後,量子技術の研究基盤と既存法人顧客を保有,量子事業の売上寄与未定量／成長率
7,CRWD,CrowdStrike,AI脅威検知,1,1,1,★★★,大幅調整待ち,エンドポイント・脅威分析に強い。ARRで成長を可視化,高い売上倍率／FCF倍率／障害リスク
8,IONQ,IonQ,量子専業,1,1,1,★★★,研究枠のみ,量子方式への直接投資。商用化の上振れ可能性,資金流出／買収寄与／株式希薄化
9,QNT,Quantinuum,量子専業,1,1,1,★★★,研究枠のみ,量子技術への直接投資。IPO後の成長余地,極端なPSR／IPO需給／赤字
